<?xml version="1.0" encoding="UTF-8"?>
<!DOCTYPE log4j:configuration PUBLIC "-//APACHE//DTD LOG4J 1.2//EN" "log4j.dtd">
<log4j:configuration xmlns:log4j="http://jakarta.apache.org/log4j/">

	<!-- Appenders -->
	<appender name="console" class="org.apache.log4j.ConsoleAppender">
		<param name="Target" value="System.out" />
		<layout class="org.apache.log4j.PatternLayout">
			<param name="ConversionPattern" value="%-5p: %c - %m%n" />
		</layout>
	</appender>
	
   <appender name="fileAppender" class="org.apache.log4j.RollingFileAppender">  
      <param name="Threshold" value="TRACE" />  
      <param name="File" value="${log.home.directory}battleChasers.log"/>
      <layout class="org.apache.log4j.PatternLayout">  
         <param name="ConversionPattern" value="%d %-5p  [%c{1}] %m %n" />  
      </layout>  
   </appender>  
	
	<!-- Application Loggers -->
	<logger name="com.saturnnight.dungeonbot">
		<level value="trace" />
	</logger>
	
	<!-- 3rdparty Loggers -->
	<logger name="org.springframework.core">
		<level value="trace" />
	</logger>
	
	<logger name="org.springframework.beans">
		<level value="trace" />
	</logger>
	
	<logger name="org.springframework.context">
		<level value="trace" />
	</logger>

	<logger name="org.springframework.web">
		<level value="trace" />
	</logger>

	<logger name="javax.persistence">
		<level value="trace" />
	</logger>

	<logger name="org.apache.openjpa">
		<level value="trace" />
	</logger>


	<!-- Root Logger -->
	<root>
		<priority value="trace" />
		<appender-ref ref="console" />
		<appender-ref ref="fileAppender" />
	</root>
	
</log4j:configuration>
