<?xml version="1.0" encoding="UTF-8"?>
<beans xmlns="http://www.springframework.org/schema/beans"
    xmlns:xsi="http://www.w3.org/2001/XMLSchema-instance"
    xmlns:context="http://www.springframework.org/schema/context"
    xmlns:mvc="http://www.springframework.org/schema/mvc"
    xmlns:jpa="http://www.springframework.org/schema/data/jpa"
    xmlns:tx="http://www.springframework.org/schema/tx"
    xsi:schemaLocation="http://www.springframework.org/schema/mvc http://www.springframework.org/schema/mvc/spring-mvc-4.0.xsd
        http://www.springframework.org/schema/beans http://www.springframework.org/schema/beans/spring-beans-4.0.xsd
        http://www.springframework.org/schema/data/jpa http://www.springframework.org/schema/data/jpa/spring-jpa-1.3.xsd
        http://www.springframework.org/schema/tx http://www.springframework.org/schema/tx/spring-tx-4.0.xsd
        http://www.springframework.org/schema/context http://www.springframework.org/schema/context/spring-context-4.0.xsd">

	<context:annotation-config /> 
	<context:component-scan base-package="com.saturnnight.dungeonbot" />
	
	<jpa:repositories base-package="com.saturnnight.dungeonbot.repository" />

    <bean id="dungeonBotDS" class="org.springframework.jndi.JndiObjectFactoryBean">
        <property name="jndiName" value="java:comp/env/jdbc/dungeonBotDS" />
        <property name="resourceRef" value="true" /> 
    </bean>
   
	<bean id="entityManagerFactory" class="org.springframework.orm.jpa.LocalContainerEntityManagerFactoryBean">
		<property name="persistenceUnitName" value="dungeonBotPU" />
		<property name="dataSource" ref="dungeonBotDS" />
		<property name="jpaVendorAdapter">
			<bean class="org.springframework.orm.jpa.vendor.OpenJpaVendorAdapter">
				<property name="showSql" value="true" />
			</bean>
		</property>
	</bean>

	<bean id="transactionManager" class="org.springframework.orm.jpa.JpaTransactionManager">
		<property name="entityManagerFactory" ref="entityManagerFactory"  />
	</bean>
	
	<tx:annotation-driven transaction-manager="transactionManager"/> 
	
</beans>
