<?xml version="1.0" encoding="UTF-8"?>
<beans xmlns="http://www.springframework.org/schema/beans"
    xmlns:context="http://www.springframework.org/schema/context"
    xmlns:mvc="http://www.springframework.org/schema/mvc" 
    xmlns:xsi="http://www.w3.org/2001/XMLSchema-instance"
    xmlns:aop="http://www.springframework.org/schema/aop" 
    xmlns:security="http://www.springframework.org/schema/security"
    xsi:schemaLocation="http://www.springframework.org/schema/beans http://www.springframework.org/schema/beans/spring-beans-4.0.xsd
        http://www.springframework.org/schema/context http://www.springframework.org/schema/context/spring-context-4.0.xsd        
        http://www.springframework.org/schema/mvc http://www.springframework.org/schema/mvc/spring-mvc-3.2.xsd
        http://www.springframework.org/schema/aop http://www.springframework.org/schema/aop/spring-aop-3.2.xsd
        http://www.springframework.org/schema/security http://www.springframework.org/schema/security/spring-security-3.2.xsd">
            
    <context:annotation-config />
    <context:component-scan base-package="com.saturnnight.dungeonbot" />
<!-- 
    <bean
        class="org.springframework.beans.factory.config.PropertyPlaceholderConfigurer">
        <property name="location">
            <value>file:${catalina.base}/conf/ldap.properties</value>
        </property>
    </bean>
-->
<bean id="expressionHandler" class="org.springframework.security.access.expression.method.DefaultMethodSecurityExpressionHandler">
        <property name="permissionEvaluator" ref="permissionEvaluator"/>
    </bean>

    <bean id="permissionEvaluator"
        class="com.saturnnight.dungeonbot.security.permissionevaluator.CardGamePermissionEvaluator">
        <constructor-arg index="0">
            <map key-type="java.lang.String"
                 value-type="com.saturnnight.dungeonbot.security.permissionevaluator.Permission">
                <entry key="isLoggedInUser" value-ref="loggedInUserPermission" />
            </map>
        </constructor-arg>
    </bean>

    <bean id="loggedInUserPermission"
        class="com.saturnnight.dungeonbot.security.permissionevaluator.LoggedInUserPermission">
    </bean>


    <bean id="unauthorizedEntryPoint" class="com.saturnnight.dungeonbot.security.UnauthorizedEntryPoint" />
    <bean id="successHandler" class="com.saturnnight.dungeonbot.security.AjaxAuthenticationSuccessHandler" />
    <bean id="failureHandler" class="com.saturnnight.dungeonbot.security.AjaxAuthenticationFailureHandler" />
    <bean id="logoutHandler" class="com.saturnnight.dungeonbot.security.AjaxLogoutSuccessHandler" />

    <security:http realm="Protected API" 
                   use-expressions="true"
                   authentication-manager-ref="authenticationManager" 
                   entry-point-ref="unauthorizedEntryPoint">

        <!-- <security:custom-filter ref="authenticationTokenProcessingFilter" after="FORM_LOGIN_FILTER" /> -->
        <security:form-login authentication-success-handler-ref="successHandler"
                             authentication-failure-handler-ref="failureHandler"
                             login-processing-url="/login/submit" 
                             password-parameter="password"
                             username-parameter="username" />

        <security:logout logout-url="/app/logout" success-handler-ref="logoutHandler" />
 
        <security:intercept-url pattern="/protected/authentication_check.gif" access="isAuthenticated()"/>
        <security:intercept-url pattern="/**/fonts/*.*" access="permitAll"/>
        <security:intercept-url pattern="/**/scripts/*.js" access="permitAll"/>
        <security:intercept-url pattern="/**/views/login.html" access="permitAll"/>
        <security:intercept-url pattern="/**/views/user/add-edit-user.html" access="permitAll"/>
        <security:intercept-url pattern="/**/views/**" access="isAuthenticated()"/>

        <security:intercept-url method="POST" pattern="/rest/users" access="permitAll" />
        <security:intercept-url method="POST" pattern="/rest/systemusers**" access="permitAll" />

        <security:intercept-url method="GET" pattern="/rest/**" access="isAuthenticated()" />
        <security:intercept-url method="PUT" pattern="/rest/**" access="isAuthenticated()" />
        <security:intercept-url method="POST" pattern="/rest/**" access="isAuthenticated()" />
        <security:intercept-url method="DELETE" pattern="/rest/**" access="isAuthenticated()" />
 
    </security:http>


    <!-- LDAP and AuthenticationManager configuration -->
<!-- 
    <security:ldap-server id="ldapServer" 
                          url="${url}"
                          manager-dn="${manager.dn}" 
                          manager-password="${manager.password}" />
 -->
    <bean id="customAuthenticationProvider" class="com.saturnnight.dungeonbot.security.CustomAuthenticationProvider"/>
    
    <security:authentication-manager id="authenticationManager">
		<security:authentication-provider ref="customAuthenticationProvider"/>
 <!-- 
        <security:ldap-authentication-provider
            user-search-filter="${user.search.filter}" 
            user-search-base="${user.search.base}"
            group-search-filter="${group.search.filter}" 
            group-search-base="${group.search.base}"
            group-role-attribute="${group.role.attribute}" />
   --> 
    </security:authentication-manager>
<!-- 
    <security:ldap-user-service id="ldapUserDetailService"
        user-search-filter="${user.search.filter}" 
        user-search-base="${user.search.base}"
        group-search-filter="${group.search.filter}" 
        group-search-base="${group.search.base}"
        group-role-attribute="${group.role.attribute}" 
        user-details-class="person" 
    />
 -->
</beans>