<project xmlns="http://maven.apache.org/POM/4.0.0" xmlns:xsi="http://www.w3.org/2001/XMLSchema-instance"
	xsi:schemaLocation="http://maven.apache.org/POM/4.0.0 http://maven.apache.org/xsd/maven-4.0.0.xsd">
	<modelVersion>4.0.0</modelVersion>
	<groupId>com.saturnnight.dungeonbot</groupId>
	<artifactId>dungeon-bot</artifactId>
	<version>0.0.1-SNAPSHOT</version>
	<dependencies>
		<!-- https://mvnrepository.com/artifact/joda-time/joda-time -->
		<dependency>
		    <groupId>joda-time</groupId>
		    <artifactId>joda-time</artifactId>
		    <version>2.3</version>
		</dependency>
		
		<!-- https://mvnrepository.com/artifact/org.json/json -->
		<dependency>
		    <groupId>org.json</groupId>
		    <artifactId>json</artifactId>
		    <version>20180813</version>
		</dependency>		

		<!-- https://mvnrepository.com/artifact/org.apache.httpcomponents/httpclient -->
		<dependency>
		    <groupId>org.apache.httpcomponents</groupId>
		    <artifactId>httpclient</artifactId>
		    <version>4.5.9</version>
		</dependency>
		
		<!-- https://mvnrepository.com/artifact/junit/junit -->
		<dependency>
		    <groupId>junit</groupId>
		    <artifactId>junit</artifactId>
		    <version>4.12</version>
		</dependency>
		
		
		
		
		
		
	</dependencies>
</project>